<templateFileSet xmlns:xsi="http://www.w3.org/2001/XMLSchema-instance" xmlns:xsd="http://www.w3.org/2001/XMLSchema" xmlns="http://schemas.openehr.org/v1">
   <cid>1051.57.67</cid>
   <versionAsset>1</versionAsset>
   <templateName>Leeds Care Record Adult Social Care Report</templateName>
   <templateId>87a0c54f-a66f-41d6-a30d-5cbcb32bcb83</templateId>
   <rootArchetypeId>openEHR-EHR-COMPOSITION.report.v1</rootArchetypeId>
   <creationTime>02-Aug-2016</creationTime>
   <modificationTime>02-Aug-2016</modificationTime>
   <directLink>http://ckm.apperta.org/ckm/#showTemplate_1051.57.67_1</directLink>
   <logMessage>Initial upload</logMessage>
   <ckmResource>
      <cid>1051.32.109</cid>
      <versionAsset>6</versionAsset>
      <resourceMainId>openEHR-EHR-EVALUATION.problem_diagnosis.v1</resourceMainId>
      <resourceMainDisplayName>Problem/Diagnosis</resourceMainDisplayName>
      <resourceType>ARCHETYPE</resourceType>
      <creationTime>2013-09-03T18:39:57+0200</creationTime>
      <modificationTime>2015-11-20T19:47:39+0100</modificationTime>
      <directLink>http://ckm.apperta.org/ckm/#showArchetype_1051.32.109_6</directLink>
   </ckmResource>
   <ckmResource>
      <cid>1051.32.203</cid>
      <versionAsset>3</versionAsset>
      <resourceMainId>openEHR-EHR-CLUSTER.address.v1</resourceMainId>
      <resourceMainDisplayName>Address</resourceMainDisplayName>
      <resourceType>ARCHETYPE</resourceType>
      <creationTime>2014-01-06T18:55:12+0100</creationTime>
      <modificationTime>2015-02-01T16:34:46+0100</modificationTime>
      <directLink>http://ckm.apperta.org/ckm/#showArchetype_1051.32.203_3</directLink>
   </ckmResource>
   <ckmResource>
      <cid>1051.32.402</cid>
      <versionAsset>1</versionAsset>
      <resourceMainId>openEHR-EHR-CLUSTER.lcr_asc_outcomes.v0</resourceMainId>
      <resourceMainDisplayName>Leeds Care Record Adult Social Care - Outcomes</resourceMainDisplayName>
      <resourceType>ARCHETYPE</resourceType>
      <creationTime>2016-08-02T19:12:24+0200</creationTime>
      <modificationTime>2016-08-02T19:12:24+0200</modificationTime>
      <directLink>http://ckm.apperta.org/ckm/#showArchetype_1051.32.402_1</directLink>
   </ckmResource>
   <ckmResource>
      <cid>1051.32.166</cid>
      <versionAsset>3</versionAsset>
      <resourceMainId>openEHR-EHR-COMPOSITION.report.v1</resourceMainId>
      <resourceMainDisplayName>Report</resourceMainDisplayName>
      <resourceType>ARCHETYPE</resourceType>
      <creationTime>2013-09-05T17:51:00+0200</creationTime>
      <modificationTime>2015-07-21T15:08:09+0200</modificationTime>
      <directLink>http://ckm.apperta.org/ckm/#showArchetype_1051.32.166_3</directLink>
   </ckmResource>
   <ckmResource>
      <cid>1051.32.179</cid>
      <versionAsset>3</versionAsset>
      <resourceMainId>openEHR-EHR-CLUSTER.person_name.v1</resourceMainId>
      <resourceMainDisplayName>Person name</resourceMainDisplayName>
      <resourceType>ARCHETYPE</resourceType>
      <creationTime>2013-10-14T15:31:55+0200</creationTime>
      <modificationTime>2013-10-14T16:17:33+0200</modificationTime>
      <directLink>http://ckm.apperta.org/ckm/#showArchetype_1051.32.179_3</directLink>
   </ckmResource>
   <ckmResource>
      <cid>1051.32.344</cid>
      <versionAsset>1</versionAsset>
      <resourceMainId>openEHR-EHR-ACTION.service.v0</resourceMainId>
      <resourceMainDisplayName>Service</resourceMainDisplayName>
      <resourceType>ARCHETYPE</resourceType>
      <creationTime>2016-02-08T09:02:19+0100</creationTime>
      <modificationTime>2016-02-08T09:02:19+0100</modificationTime>
      <directLink>http://ckm.apperta.org/ckm/#showArchetype_1051.32.344_1</directLink>
   </ckmResource>
   <ckmResource>
      <cid>1051.32.169</cid>
      <versionAsset>5</versionAsset>
      <resourceMainId>openEHR-EHR-SECTION.adhoc.v1</resourceMainId>
      <resourceMainDisplayName>Ad hoc heading</resourceMainDisplayName>
      <resourceType>ARCHETYPE</resourceType>
      <creationTime>2013-09-05T17:51:04+0200</creationTime>
      <modificationTime>2015-05-26T13:16:22+0200</modificationTime>
      <directLink>http://ckm.apperta.org/ckm/#showArchetype_1051.32.169_5</directLink>
   </ckmResource>
   <ckmResource>
      <cid>1051.32.131</cid>
      <versionAsset>7</versionAsset>
      <resourceMainId>openEHR-EHR-INSTRUCTION.request.v0</resourceMainId>
      <resourceMainDisplayName>Service request</resourceMainDisplayName>
      <resourceType>ARCHETYPE</resourceType>
      <creationTime>2013-09-03T18:40:29+0200</creationTime>
      <modificationTime>2016-02-08T09:02:18+0100</modificationTime>
      <directLink>http://ckm.apperta.org/ckm/#showArchetype_1051.32.131_7</directLink>
   </ckmResource>
   <ckmResource>
      <cid>1051.32.182</cid>
      <versionAsset>1</versionAsset>
      <resourceMainId>openEHR-EHR-CLUSTER.individual_personal_uk.v1</resourceMainId>
      <resourceMainDisplayName>Individual's personal demographics (UK)</resourceMainDisplayName>
      <resourceType>ARCHETYPE</resourceType>
      <creationTime>2013-10-14T15:33:45+0200</creationTime>
      <modificationTime>2013-10-14T15:33:45+0200</modificationTime>
      <directLink>http://ckm.apperta.org/ckm/#showArchetype_1051.32.182_1</directLink>
   </ckmResource>
   <ckmResource>
      <cid>1051.32.293</cid>
      <versionAsset>1</versionAsset>
      <resourceMainId>openEHR-EHR-ADMIN_ENTRY.relevant_contact_rcp.v1</resourceMainId>
      <resourceMainDisplayName>Relevant contact</resourceMainDisplayName>
      <resourceType>ARCHETYPE</resourceType>
      <creationTime>2015-03-17T14:54:30+0100</creationTime>
      <modificationTime>2015-03-17T14:54:30+0100</modificationTime>
      <directLink>http://ckm.apperta.org/ckm/#showArchetype_1051.32.293_1</directLink>
   </ckmResource>
   <ckmResource>
      <cid>1051.32.260</cid>
      <versionAsset>1</versionAsset>
      <resourceMainId>openEHR-EHR-SECTION.referral_details_rcp.v1</resourceMainId>
      <resourceMainDisplayName>Referral details</resourceMainDisplayName>
      <resourceType>ARCHETYPE</resourceType>
      <creationTime>2014-07-24T19:39:09+0200</creationTime>
      <modificationTime>2014-07-24T19:39:09+0200</modificationTime>
      <directLink>http://ckm.apperta.org/ckm/#showArchetype_1051.32.260_1</directLink>
   </ckmResource>
   <ckmResource>
      <cid>1051.32.370</cid>
      <versionAsset>1</versionAsset>
      <resourceMainId>openEHR-EHR-CLUSTER.organisation.v1</resourceMainId>
      <resourceMainDisplayName>Organisation</resourceMainDisplayName>
      <resourceType>ARCHETYPE</resourceType>
      <creationTime>2016-04-03T20:21:59+0200</creationTime>
      <modificationTime>2016-04-03T20:21:59+0200</modificationTime>
      <directLink>http://ckm.apperta.org/ckm/#showArchetype_1051.32.370_1</directLink>
   </ckmResource>
   <ckmResource>
      <cid>1051.32.183</cid>
      <versionAsset>1</versionAsset>
      <resourceMainId>openEHR-EHR-CLUSTER.telecom_uk.v1</resourceMainId>
      <resourceMainDisplayName>Telecom details (UK)</resourceMainDisplayName>
      <resourceType>ARCHETYPE</resourceType>
      <creationTime>2013-10-14T15:33:46+0200</creationTime>
      <modificationTime>2013-10-14T15:33:46+0200</modificationTime>
      <directLink>http://ckm.apperta.org/ckm/#showArchetype_1051.32.183_1</directLink>
   </ckmResource>
   <ckmResource>
      <cid>1051.32.190</cid>
      <versionAsset>1</versionAsset>
      <resourceMainId>openEHR-EHR-CLUSTER.individual_professional_uk.v1</resourceMainId>
      <resourceMainDisplayName>Individual professional demographics (UK)</resourceMainDisplayName>
      <resourceType>ARCHETYPE</resourceType>
      <creationTime>2013-10-31T20:00:00+0100</creationTime>
      <modificationTime>2013-10-31T20:00:00+0100</modificationTime>
      <directLink>http://ckm.apperta.org/ckm/#showArchetype_1051.32.190_1</directLink>
   </ckmResource>
</templateFileSet>